location,gdp_hr_worked,date,multifactor_prod_agrwth,capital_services_pc_growth,development_flag
AUS,26.783084,1970-01-01,NA,NA,developed
AUS,27.452554,1971-01-01,NA,NA,developed
AUS,28.05676,1972-01-01,NA,NA,developed
AUS,28.634586,1973-01-01,NA,NA,developed
AUS,28.178901,1974-01-01,NA,NA,developed
AUS,29.221907,1975-01-01,NA,NA,developed
AUS,29.709708,1976-01-01,NA,NA,developed
AUS,29.676095,1977-01-01,NA,NA,developed
AUS,30.928196,1978-01-01,NA,NA,developed
AUS,31.078151,1979-01-01,NA,NA,developed
AUS,31.411444,1980-01-01,NA,NA,developed
AUS,32.339389,1981-01-01,NA,NA,developed
AUS,32.743832,1982-01-01,NA,NA,developed
AUS,33.564224,1983-01-01,NA,NA,developed
AUS,34.298849,1984-01-01,NA,NA,developed
AUS,34.24144,1985-01-01,-0.764566,5.402126,developed
AUS,34.244212,1986-01-01,-0.734375,5.203063,developed
AUS,34.95395,1987-01-01,1.606074,5.207578,developed
AUS,34.846476,1988-01-01,-0.600157,5.329863,developed
AUS,34.95877,1989-01-01,-0.218278,5.07051,developed
AUS,34.331528,1990-01-01,-2.445257,3.474053,developed
AUS,35.1256,1991-01-01,0.771477,2.812846,developed
AUS,36.203582,1992-01-01,2.338319,3.199059,developed
AUS,36.281321,1993-01-01,0.430123,3.21471,developed
AUS,36.342676,1994-01-01,0.166251,3.81537,developed
AUS,37.440841,1995-01-01,2.115822,4.050367,developed
AUS,38.758375,1996-01-01,2.4376,4.334622,developed
AUS,40.057026,1997-01-01,2.355133,4.876099,developed
AUS,41.34932,1998-01-01,2.460891,4.540352,developed
AUS,41.718548,1999-01-01,0.471915,4.693808,developed
AUS,42.146744,2000-01-01,0.063349,4.576412,developed
AUS,43.617731,2001-01-01,2.443946,4.151409,developed
AUS,44.224679,2002-01-01,0.506006,4.877472,developed
AUS,45.153467,2003-01-01,1.316733,4.859328,developed
AUS,45.017953,2004-01-01,-0.70923,5.206443,developed
AUS,45.220435,2005-01-01,-0.399529,5.831492,developed
AUS,45.452895,2006-01-01,-0.047778,5.583094,developed
AUS,46.002395,2007-01-01,0.267475,6.148486,developed
AUS,47.612941,2008-01-01,1.521491,5.572446,developed
AUS,47.145906,2009-01-01,-1.537597,5.075173,developed
AUS,47.917654,2010-01-01,0.436273,4.928245,developed
AUS,48.448929,2011-01-01,0.239019,5.736576,developed
AUS,49.614253,2012-01-01,0.889851,5.333102,developed
AUS,50.425768,2013-01-01,0.675583,4.230059,developed
AUS,50.723452,2014-01-01,0.151207,3.405425,developed
AUS,52.062359,2015-01-01,1.96464,2.47658,developed
AUS,51.771229,2016-01-01,-0.453888,2.21702,developed
AUS,52.43314,2017-01-01,1.080604,2.473326,developed
AUT,40.901388,1995-01-01,5.509766,3.160688,developed
AUT,40.942722,1996-01-01,-0.188889,3.446801,developed
AUT,41.304023,1997-01-01,0.3125,3.4796,developed
AUT,42.865824,1998-01-01,2.619064,4.110975,developed
AUT,43.631035,1999-01-01,1.09511,4.477812,developed
AUT,44.669032,2000-01-01,1.362211,4.747591,developed
AUT,45.239084,2001-01-01,0.013048,4.63963,developed
AUT,46.096699,2002-01-01,0.726447,3.964755,developed
AUT,46.460241,2003-01-01,-0.174624,3.673041,developed
AUT,47.367824,2004-01-01,1.313304,3.151207,developed
AUT,48.509274,2005-01-01,1.651713,2.69337,developed
AUT,49.79895,2006-01-01,2.154649,2.742616,developed
AUT,51.048623,2007-01-01,2.048003,3.07862,developed
AUT,51.050921,2008-01-01,-0.372338,3.223022,developed
AUT,50.692777,2009-01-01,-2.088883,2.460606,developed
AUT,51.45962,2010-01-01,1.071298,2.274689,developed
AUT,51.97023,2011-01-01,0.774443,3.065501,developed
AUT,52.535253,2012-01-01,0.359209,2.583565,developed
AUT,52.873201,2013-01-01,-0.214766,2.779364,developed
AUT,53.062901,2014-01-01,-0.091158,2.226741,developed
AUT,53.889507,2015-01-01,0.847465,2.45178,developed
AUT,53.868001,2016-01-01,-0.136297,2.791839,developed
AUT,54.353238,2017-01-01,0.65592,2.765072,developed
BEL,24.992602,1970-01-01,NA,NA,developed
BEL,25.890412,1971-01-01,NA,NA,developed
BEL,27.693088,1972-01-01,NA,NA,developed
BEL,29.568551,1973-01-01,NA,NA,developed
BEL,30.834273,1974-01-01,NA,NA,developed
BEL,31.031178,1975-01-01,NA,NA,developed
BEL,32.909764,1976-01-01,NA,NA,developed
BEL,33.734739,1977-01-01,NA,NA,developed
BEL,34.999186,1978-01-01,NA,NA,developed
BEL,35.83151,1979-01-01,NA,NA,developed
BEL,37.926748,1980-01-01,NA,NA,developed
BEL,39.059991,1981-01-01,NA,NA,developed
BEL,40.152071,1982-01-01,NA,NA,developed
BEL,40.667746,1983-01-01,NA,NA,developed
BEL,41.091798,1984-01-01,NA,NA,developed
BEL,41.42787,1985-01-01,-0.087416,3.663618,developed
BEL,42.416081,1986-01-01,0.979077,3.474895,developed
BEL,43.463617,1987-01-01,1.220424,3.42078,developed
BEL,44.978084,1988-01-01,2.51018,4.138738,developed
BEL,46.079855,1989-01-01,1.284802,5.152232,developed
BEL,46.621525,1990-01-01,0.235123,5.646121,developed
BEL,48.396186,1991-01-01,1.950417,5.060261,developed
BEL,49.908938,1992-01-01,1.474233,4.890343,developed
BEL,51.160361,1993-01-01,0.416606,5.126486,developed
BEL,53.032954,1994-01-01,2.340164,4.701451,developed
BEL,52.562931,1995-01-01,-1.517145,5.98441,developed
BEL,54.151219,1996-01-01,1.265899,5.753423,developed
BEL,55.317912,1997-01-01,1.186783,5.677199,developed
BEL,55.051633,1998-01-01,-1.220702,5.943062,developed
BEL,56.261079,1999-01-01,1.171195,6.050972,developed
BEL,56.711659,2000-01-01,0.067746,6.324025,developed
BEL,56.629055,2001-01-01,-1.340413,6.37766,developed
BEL,57.953347,2002-01-01,1.024881,5.205895,developed
BEL,58.632351,2003-01-01,0.060166,4.483965,developed
BEL,60.357315,2004-01-01,2.009862,4.610369,developed
BEL,61.03746,2005-01-01,0.232844,4.993799,developed
BEL,61.605343,2006-01-01,0.289676,4.4754,developed
BEL,62.520201,2007-01-01,0.851898,4.712243,developed
BEL,62.15517,2008-01-01,-1.291923,4.466501,developed
BEL,61.715291,2009-01-01,-1.915808,3.450723,developed
BEL,63.097415,2010-01-01,1.613511,3.117432,developed
BEL,62.804247,2011-01-01,-0.631029,3.275168,developed
BEL,62.668138,2012-01-01,-0.724104,2.75335,developed
BEL,63.076682,2013-01-01,0.034702,2.268882,developed
BEL,63.70542,2014-01-01,0.44873,2.526162,developed
BEL,64.563896,2015-01-01,0.765468,2.797018,developed
BEL,64.708887,2016-01-01,-0.12533,2.904009,developed
BEL,64.81572,2017-01-01,-0.112886,2.897977,developed
CAN,27.006985,1970-01-01,NA,NA,developed
CAN,27.710729,1971-01-01,NA,NA,developed
CAN,28.653037,1972-01-01,NA,NA,developed
CAN,29.37113,1973-01-01,NA,NA,developed
CAN,29.486436,1974-01-01,NA,NA,developed
CAN,29.930443,1975-01-01,NA,NA,developed
CAN,31.49156,1976-01-01,NA,NA,developed
CAN,32.371697,1977-01-01,NA,NA,developed
CAN,32.695189,1978-01-01,NA,NA,developed
CAN,32.402641,1979-01-01,NA,NA,developed
CAN,32.309487,1980-01-01,NA,NA,developed
CAN,32.762677,1981-01-01,NA,NA,developed
CAN,33.209746,1982-01-01,NA,NA,developed
CAN,33.980935,1983-01-01,NA,NA,developed
CAN,34.910047,1984-01-01,NA,NA,developed
CAN,35.222235,1985-01-01,0.863692,3.85876,developed
CAN,34.927277,1986-01-01,-0.955231,3.377011,developed
CAN,35.096652,1987-01-01,0.488964,3.509276,developed
CAN,35.439586,1988-01-01,0.729398,4.258406,developed
CAN,35.527063,1989-01-01,-0.33337,4.09607,developed
CAN,35.483603,1990-01-01,-1.068947,3.508795,developed
CAN,35.781103,1991-01-01,-0.933801,3.120933,developed
CAN,36.506825,1992-01-01,1.011327,2.385975,developed
CAN,37.243424,1993-01-01,1.523515,2.342242,developed
CAN,37.983457,1994-01-01,1.856053,2.870078,developed
CAN,38.441119,1995-01-01,0.809467,2.989139,developed
CAN,38.353518,1996-01-01,-0.584337,3.257511,developed
CAN,39.317604,1997-01-01,1.913976,3.993012,developed
CAN,40.017667,1998-01-01,1.141879,4.484777,developed
CAN,41.009851,1999-01-01,1.945148,4.482522,developed
CAN,42.251955,2000-01-01,2.328599,4.575915,developed
CAN,42.789437,2001-01-01,0.267128,4.220859,developed
CAN,43.446289,2002-01-01,1.043816,3.186689,developed
CAN,43.476698,2003-01-01,-0.39762,3.473754,developed
CAN,43.764566,2004-01-01,0.2463,4.027437,developed
CAN,44.806922,2005-01-01,1.357096,4.934962,developed
CAN,45.316404,2006-01-01,0.297012,5.140576,developed
CAN,45.387391,2007-01-01,-0.491328,4.953318,developed
CAN,45.35477,2008-01-01,-0.801135,4.427811,developed
CAN,45.681968,2009-01-01,-0.747962,2.355625,developed
CAN,46.186562,2010-01-01,0.917084,2.85231,developed
CAN,46.988368,2011-01-01,1.368947,2.9463530000000002,developed
CAN,46.935103,2012-01-01,-0.379205,3.084237,developed
CAN,47.497005,2013-01-01,0.848822,2.788523,developed
CAN,48.691981,2014-01-01,2.005867,2.792871,developed
CAN,48.606719,2015-01-01,-0.306789,1.935958,developed
CAN,48.89912,2016-01-01,0.460352,1.281301,developed
CAN,49.756578,2017-01-01,1.649553,1.563241,developed
DNK,25.065455,1970-01-01,NA,NA,developed
DNK,26.337789,1971-01-01,NA,NA,developed
DNK,27.736534,1972-01-01,NA,NA,developed
DNK,29.249447,1973-01-01,NA,NA,developed
DNK,29.436948,1974-01-01,NA,NA,developed
DNK,30.646729,1975-01-01,NA,NA,developed
DNK,31.778901,1976-01-01,NA,NA,developed
DNK,32.956881,1977-01-01,NA,NA,developed
DNK,33.901997,1978-01-01,NA,NA,developed
DNK,35.069114,1979-01-01,NA,NA,developed
DNK,34.798727,1980-01-01,NA,NA,developed
DNK,35.823053,1981-01-01,NA,NA,developed
DNK,36.822802,1982-01-01,NA,NA,developed
DNK,37.919869,1983-01-01,NA,NA,developed
DNK,39.066148,1984-01-01,NA,NA,developed
DNK,40.054135,1985-01-01,1.504907,5.459199,developed
DNK,40.922524,1986-01-01,1.289986,6.055603,developed
DNK,41.753624,1987-01-01,-0.006225,5.798637,developed
DNK,42.573008,1988-01-01,0.167947,4.77392,developed
DNK,43.464241,1989-01-01,0.345002,5.313537,developed
DNK,44.736122,1990-01-01,1.251062,4.958772,developed
DNK,45.905486,1991-01-01,1.063928,4.75459,developed
DNK,46.69587,1992-01-01,0.775653,4.052079,developed
DNK,47.587912,1993-01-01,0.447223,3.86784,developed
DNK,50.626073,1994-01-01,4.843861,4.199537,developed
DNK,51.379447,1995-01-01,0.734316,4.475312,developed
DNK,52.604416,1996-01-01,1.306078,4.590266,developed
DNK,52.985708,1997-01-01,0.020794,5.312525,developed
DNK,52.924676,1998-01-01,-0.920346,5.435006,developed
DNK,53.463727,1999-01-01,0.208472,5.019256,developed
DNK,54.702135,2000-01-01,1.409733,4.72365,developed
DNK,54.509014,2001-01-01,-1.159044,4.196204,developed
DNK,54.957172,2002-01-01,-0.324788,3.864971,developed
DNK,55.864173,2003-01-01,0.382744,3.413461,developed
DNK,57.64804,2004-01-01,2.089484,3.532457,developed
DNK,58.437176,2005-01-01,0.773568,3.325058,developed
DNK,59.207314,2006-01-01,0.900285,4.378796,developed
DNK,59.316511,2007-01-01,-0.627384,3.924351,developed
DNK,58.433448,2008-01-01,-2.20581,3.578026,developed
DNK,57.89486,2009-01-01,-2.811998,2.350895,developed
DNK,60.160609,2010-01-01,2.691586,1.945892,developed
DNK,60.368917,2011-01-01,0.312983,1.246334,developed
DNK,61.522715,2012-01-01,1.015697,1.29704,developed
DNK,62.006495,2013-01-01,0.436962,1.443564,developed
DNK,62.98874,2014-01-01,1.166793,1.574453,developed
DNK,63.888216,2015-01-01,1.221039,1.755461,developed
DNK,64.216825,2016-01-01,0.444245,2.352921,developed
DNK,64.947607,2017-01-01,0.898408,2.30756,developed
FIN,15.718611,1970-01-01,NA,NA,developed
FIN,16.488969,1971-01-01,NA,NA,developed
FIN,17.748639,1972-01-01,NA,NA,developed
FIN,18.794018,1973-01-01,NA,NA,developed
FIN,19.398285,1974-01-01,NA,NA,developed
FIN,19.942892,1975-01-01,NA,NA,developed
FIN,20.227978,1976-01-01,NA,NA,developed
FIN,20.742147,1977-01-01,NA,NA,developed
FIN,21.487255,1978-01-01,NA,NA,developed
FIN,22.81519,1979-01-01,NA,NA,developed
FIN,23.616732,1980-01-01,NA,NA,developed
FIN,23.554119,1981-01-01,NA,NA,developed
FIN,24.200871,1982-01-01,NA,NA,developed
FIN,25.103868,1983-01-01,NA,NA,developed
FIN,25.880227,1984-01-01,NA,NA,developed
FIN,26.758569,1985-01-01,2.25973,4.370682,developed
FIN,27.894915,1986-01-01,2.695472,4.533363,developed
FIN,28.637335,1987-01-01,1.663242,4.904309,developed
FIN,29.694925,1988-01-01,2.687893,5.457599,developed
FIN,30.982032,1989-01-01,2.971796,5.928523,developed
FIN,31.92991,1990-01-01,1.045993,4.981667,developed
FIN,32.229329,1991-01-01,-2.001494,2.954621,developed
FIN,33.415826,1992-01-01,0.879368,1.898807,developed
FIN,35.224374,1993-01-01,3.076803,0.903928,developed
FIN,36.719303,1994-01-01,3.817734,0.918394,developed
FIN,37.569622,1995-01-01,2.270335,2.125561,developed
FIN,38.419652,1996-01-01,2.074064,2.076832,developed
FIN,39.694234,1997-01-01,3.35927,2.591936,developed
FIN,41.326226,1998-01-01,3.504709,3.389878,developed
FIN,42.0446,1999-01-01,1.554954,3.425934,developed
FIN,43.845792,2000-01-01,3.681532,3.373999,developed
FIN,44.836261,2001-01-01,1.486835,3.182112,developed
FIN,45.332317,2002-01-01,0.655213,2.281921,developed
FIN,46.401661,2003-01-01,1.589704,2.599384,developed
FIN,47.893796,2004-01-01,2.744119,2.460034,developed
FIN,48.761968,2005-01-01,1.39054,2.728917,developed
FIN,49.953008,2006-01-01,2.232668,2.518738,developed
FIN,51.489734,2007-01-01,2.775417,3.345531,developed
FIN,50.941776,2008-01-01,-1.359452,3.21708,developed
FIN,48.570069,2009-01-01,-6.276393,1.870282,developed
FIN,50.155078,2010-01-01,2.829971,1.387111,developed
FIN,50.958556,2011-01-01,1.543523,1.352199,developed
FIN,50.162219,2012-01-01,-1.796372,1.112607,developed
FIN,50.464032,2013-01-01,0.114553,0.598283,developed
FIN,50.487433,2014-01-01,-0.228141,0.652103,developed
FIN,50.59756,2015-01-01,0.149609,0.483484,developed
FIN,51.699761,2016-01-01,2.091471,0.870902,developed
FIN,52.647879,2017-01-01,1.927878,1.154339,developed
FRA,21.597268,1970-01-01,NA,NA,developed
FRA,22.670914,1971-01-01,NA,NA,developed
FRA,24.195383,1972-01-01,NA,NA,developed
FRA,25.592405,1973-01-01,NA,NA,developed
FRA,26.897374,1974-01-01,NA,NA,developed
FRA,27.220212,1975-01-01,NA,NA,developed
FRA,27.779777,1976-01-01,NA,NA,developed
FRA,29.082678,1977-01-01,NA,NA,developed
FRA,30.577354,1978-01-01,NA,NA,developed
FRA,31.511095,1979-01-01,NA,NA,developed
FRA,32.028925,1980-01-01,NA,NA,developed
FRA,32.777111,1981-01-01,NA,NA,developed
FRA,34.902809,1982-01-01,NA,NA,developed
FRA,35.751859,1983-01-01,NA,NA,developed
FRA,36.623482,1984-01-01,NA,NA,developed
FRA,38.095419,1985-01-01,2.572713,3.751246,developed
FRA,38.936556,1986-01-01,1.410933,3.886208,developed
FRA,39.320517,1987-01-01,0.523457,4.089697,developed
FRA,40.590347,1988-01-01,2.550286,4.677437,developed
FRA,42.037087,1989-01-01,2.575292,5.086837,developed
FRA,43.045344,1990-01-01,1.311269,5.248664,developed
FRA,43.584681,1991-01-01,0.10539,4.618893,developed
FRA,44.633726,1992-01-01,1.164589,4.119944,developed
FRA,45.049073,1993-01-01,-0.238698,3.08784,developed
FRA,45.978616,1994-01-01,1.396093,3.043215,developed
FRA,47.121928,1995-01-01,1.641885,2.980112,developed
FRA,47.635381,1996-01-01,0.41449,3.204881,developed
FRA,48.423574,1997-01-01,1.040082,3.367572,developed
FRA,49.621358,1998-01-01,1.800887,4.063734,developed
FRA,50.336423,1999-01-01,0.867315,4.690413,developed
FRA,51.66966,2000-01-01,1.850762,4.797173,developed
FRA,52.636403,2001-01-01,0.812556,4.783464,developed
FRA,54.173094,2002-01-01,1.629306,3.712953,developed
FRA,54.482291,2003-01-01,-0.045624,3.123871,developed
FRA,55.084391,2004-01-01,0.880675,2.960727,developed
FRA,55.573313,2005-01-01,0.434466,3.028936,developed
FRA,56.956894,2006-01-01,1.766989,3.291194,developed
FRA,56.689955,2007-01-01,-0.551338,3.609799,developed
FRA,56.328268,2008-01-01,-1.214991,3.687249,developed
FRA,55.752141,2009-01-01,-1.927379,2.068722,developed
FRA,56.473845,2010-01-01,0.988511,2.164513,developed
FRA,57.039318,2011-01-01,0.836025,2.12914,developed
FRA,57.22568,2012-01-01,-0.186047,2.230388,developed
FRA,58.000663,2013-01-01,0.655819,2.000157,developed
FRA,58.558746,2014-01-01,0.490005,1.942361,developed
FRA,59.033834,2015-01-01,0.38561,2.083692,developed
FRA,59.052231,2016-01-01,-0.23324,2.245484,developed
FRA,59.824947,2017-01-01,0.892818,2.5061,developed
DEU,22.250543,1970-01-01,NA,NA,developed
DEU,23.221617,1971-01-01,NA,NA,developed
DEU,24.378762,1972-01-01,NA,NA,developed
DEU,25.62232,1973-01-01,NA,NA,developed
DEU,26.656736,1974-01-01,NA,NA,developed
DEU,27.659693,1975-01-01,NA,NA,developed
DEU,28.949266,1976-01-01,NA,NA,developed
DEU,30.141428,1977-01-01,NA,NA,developed
DEU,31.071934,1978-01-01,NA,NA,developed
DEU,31.961622,1979-01-01,NA,NA,developed
DEU,32.230704,1980-01-01,NA,NA,developed
DEU,32.766535,1981-01-01,NA,NA,developed
DEU,33.105554,1982-01-01,NA,NA,developed
DEU,34.191758,1983-01-01,NA,NA,developed
DEU,35.094827,1984-01-01,NA,NA,developed
DEU,35.90461,1985-01-01,1.314315,3.450518,developed
DEU,36.448648,1986-01-01,0.768207,3.444876,developed
DEU,36.947239,1987-01-01,0.45925,3.392281,developed
DEU,37.900308,1988-01-01,1.861493,3.670314,developed
DEU,39.219266,1989-01-01,2.498117,3.921228,developed
DEU,40.605102,1990-01-01,2.799014,4.170098,developed
DEU,42.016825,1991-01-01,2.67131,4.259668,developed
DEU,43.081804,1992-01-01,1.330244,3.770085,developed
DEU,43.88001,1993-01-01,0.359963,2.44656,developed
DEU,45.070498,1994-01-01,1.952267,2.266163,developed
DEU,45.937464,1995-01-01,1.208886,2.08166,developed
DEU,46.835654,1996-01-01,0.978036,2.06803,developed
DEU,48.074756,1997-01-01,1.744162,2.10404,developed
DEU,48.635875,1998-01-01,0.634672,2.612084,developed
DEU,49.29982,1999-01-01,0.663184,2.97923,developed
DEU,50.546413,2000-01-01,1.641057,3.279329,developed
DEU,51.904005,2001-01-01,1.558558,2.80551,developed
DEU,52.541078,2002-01-01,0.299631,1.971314,developed
DEU,52.96672,2003-01-01,-0.041138,1.365514,developed
DEU,53.494463,2004-01-01,0.680162,1.21227,developed
DEU,54.305438,2005-01-01,0.879236,1.531109,developed
DEU,55.350432,2006-01-01,1.832651,2.129105,developed
DEU,56.189912,2007-01-01,1.366542,2.360208,developed
DEU,56.295261000000004,2008-01-01,-0.146094,2.31488,developed
DEU,54.851972,2009-01-01,-3.64599,0.980052,developed
DEU,56.208709,2010-01-01,2.582817,1.305703,developed
DEU,57.364425,2011-01-01,2.081136,1.700925,developed
DEU,57.720412,2012-01-01,0.326975,1.280416,developed
DEU,58.170973,2013-01-01,0.497914,1.055768,developed
DEU,58.766423,2014-01-01,1.057326,1.201233,developed
DEU,59.109365,2015-01-01,0.549788,1.493615,developed
DEU,59.947007,2016-01-01,1.266224,1.644662,developed
DEU,60.482534,2017-01-01,0.859669,1.766504,developed
DEU,60.534878,2018-01-01,NA,1.906072,developed
IRL,12.842136,1970-01-01,NA,NA,developed
IRL,13.233209,1971-01-01,NA,NA,developed
IRL,14.392639,1972-01-01,NA,NA,developed
IRL,14.941987,1973-01-01,NA,NA,developed
IRL,15.611115,1974-01-01,NA,NA,developed
IRL,16.697079,1975-01-01,NA,NA,developed
IRL,17.124764,1976-01-01,NA,NA,developed
IRL,18.20142,1977-01-01,NA,NA,developed
IRL,19.468491,1978-01-01,NA,NA,developed
IRL,19.283341,1979-01-01,NA,NA,developed
IRL,20.432075,1980-01-01,NA,NA,developed
IRL,21.491686,1981-01-01,NA,NA,developed
IRL,22.148121,1982-01-01,NA,NA,developed
IRL,22.399812,1983-01-01,NA,NA,developed
IRL,24.0217,1984-01-01,NA,NA,developed
IRL,24.786836,1985-01-01,2.370012,3.083252,developed
IRL,24.423537,1986-01-01,-1.796238,2.500508,developed
IRL,25.66365,1987-01-01,4.37414,2.406074,developed
IRL,26.884513,1988-01-01,4.157239,2.889305,developed
IRL,28.381111,1989-01-01,4.779174,3.295111,developed
IRL,29.657012,1990-01-01,4.369366,3.844587,developed
IRL,30.848504,1991-01-01,2.98486,2.792377,developed
IRL,32.394665,1992-01-01,4.075136,2.511699,developed
IRL,33.212886,1993-01-01,2.083673,2.289776,developed
IRL,34.018268,1994-01-01,2.468195,2.903356,developed
IRL,35.694961,1995-01-01,4.781857,4.840125,developed
IRL,37.272694,1996-01-01,3.86296,6.104809,developed
IRL,39.549919,1997-01-01,5.443873,6.956704,developed
IRL,40.280922,1998-01-01,1.422562,9.234387,developed
IRL,42.09343,1999-01-01,3.626925,10.811691,developed
IRL,44.348196,2000-01-01,4.296081,9.530545,developed
IRL,45.723198,2001-01-01,1.77845,9.346654,developed
IRL,48.339212,2002-01-01,3.921499,8.314425,developed
IRL,49.392345,2003-01-01,0.622738,7.700126,developed
IRL,51.276549,2004-01-01,2.589962,7.707393,developed
IRL,51.593186,2005-01-01,-0.219973,8.769805,developed
IRL,52.158111,2006-01-01,-0.020073,8.860832,developed
IRL,52.968021,2007-01-01,0.344528,8.204205,developed
IRL,51.789786,2008-01-01,-4.402835,6.094296,developed
IRL,54.545291,2009-01-01,0.682728,5.102352,developed
IRL,62.091803,2010-01-01,3.778945,3.947415,developed
IRL,64.849535,2011-01-01,5.989386,4.42811,developed
IRL,64.957497,2012-01-01,-1.489138,5.98415,developed
IRL,63.984995,2013-01-01,-1.931366,4.635765,developed
IRL,67.084503,2014-01-01,4.719908,6.157353,developed
IRL,80.942661,2015-01-01,NA,NA,developed
IRL,82.136474,2016-01-01,NA,11.26358,developed
IRL,85.914885,2017-01-01,NA,8.845528,developed
ITA,22.721808,1970-01-01,NA,NA,developed
ITA,23.737576,1971-01-01,NA,NA,developed
ITA,24.913533,1972-01-01,NA,NA,developed
ITA,26.534857,1973-01-01,NA,NA,developed
ITA,28.004128,1974-01-01,NA,NA,developed
ITA,27.620617,1975-01-01,NA,NA,developed
ITA,29.324499,1976-01-01,NA,NA,developed
ITA,30.541484,1977-01-01,NA,NA,developed
ITA,31.596353,1978-01-01,NA,NA,developed
ITA,33.227687,1979-01-01,NA,NA,developed
ITA,33.858702,1980-01-01,NA,NA,developed
ITA,34.05702,1981-01-01,NA,NA,developed
ITA,33.920301,1982-01-01,NA,NA,developed
ITA,34.219883,1983-01-01,NA,NA,developed
ITA,35.522333,1984-01-01,NA,NA,developed
ITA,36.241953,1985-01-01,1.197554,3.447257,developed
ITA,36.856493,1986-01-01,0.878556,3.973898,developed
ITA,37.561664,1987-01-01,1.04945,4.369273,developed
ITA,38.64651,1988-01-01,1.903969,4.751266,developed
ITA,40.020928,1989-01-01,2.23879,4.465196,developed
ITA,40.406402,1990-01-01,0.119526,4.164323,developed
ITA,40.425096,1991-01-01,-0.547236,3.709033,developed
ITA,40.990829,1992-01-01,0.402788,3.085102,developed
ITA,41.766157,1993-01-01,0.659812,1.667165,developed
ITA,43.520531,1994-01-01,3.032491,1.837409,developed
ITA,44.810749,1995-01-01,2.184582,2.493192,developed
ITA,44.870212,1996-01-01,-0.340908,2.907942,developed
ITA,45.697199,1997-01-01,1.016139,3.046495,developed
ITA,45.637477,1998-01-01,-0.53574,3.358745,developed
ITA,45.931333,1999-01-01,-0.043505,3.605721,developed
ITA,47.217945,2000-01-01,1.96474,4.022764,developed
ITA,47.463952,2001-01-01,-0.155253,3.84164,developed
ITA,47.082335,2002-01-01,-1.515373,3.796048,developed
ITA,46.747445,2003-01-01,-1.271544,3.049261,developed
ITA,47.21289,2004-01-01,0.440016,2.73244,developed
ITA,47.481299,2005-01-01,-0.002918,2.621779,developed
ITA,47.484854,2006-01-01,-0.153777,2.629455,developed
ITA,47.44629,2007-01-01,-0.382384,2.71798,developed
ITA,47.13565,2008-01-01,-1.34569,2.168945,developed
ITA,46.109444,2009-01-01,-3.459237,1.173545,developed
ITA,47.146813,2010-01-01,1.766297,1.20617,developed
ITA,47.37879,2011-01-01,0.274983,0.949816,developed
ITA,47.22891,2012-01-01,-1.14614,0.315258,developed
ITA,47.659233,2013-01-01,0.16586,-0.05574,developed
ITA,47.746684,2014-01-01,0.226945,0.027345,developed
ITA,47.852158,2015-01-01,0.489587,0.180115,developed
ITA,47.65857,2016-01-01,-0.313365,0.452952,developed
ITA,47.897796,2017-01-01,0.763313,0.472451,developed
JPN,12.499019,1970-01-01,NA,NA,developed
JPN,13.017892,1971-01-01,NA,NA,developed
JPN,14.109482,1972-01-01,NA,NA,developed
JPN,15.088907,1973-01-01,NA,NA,developed
JPN,15.415222,1974-01-01,NA,NA,developed
JPN,16.119553,1975-01-01,NA,NA,developed
JPN,16.49928,1976-01-01,NA,NA,developed
JPN,17.011478,1977-01-01,NA,NA,developed
JPN,17.785456,1978-01-01,NA,NA,developed
JPN,18.543651,1979-01-01,NA,NA,developed
JPN,18.979788,1980-01-01,NA,NA,developed
JPN,19.768945,1981-01-01,NA,NA,developed
JPN,20.2775,1982-01-01,NA,NA,developed
JPN,20.767714,1983-01-01,NA,NA,developed
JPN,21.495635,1984-01-01,NA,NA,developed
JPN,22.659879,1985-01-01,3.520238,6.65605,developed
JPN,23.25014,1986-01-01,1.077939,6.628381,developed
JPN,24.265516,1987-01-01,2.720398,6.72863,developed
JPN,25.663518,1988-01-01,4.029614,7.554606,developed
JPN,26.80133,1989-01-01,2.553404,8.179101,developed
JPN,28.182145,1990-01-01,3.050054,8.068371,developed
JPN,29.036174,1991-01-01,1.185258,7.678784,developed
JPN,29.441956,1992-01-01,-0.395301,6.218223,developed
JPN,30.098058,1993-01-01,0.074681,4.985956,developed
JPN,30.474724,1994-01-01,0.025141,4.146769,developed
JPN,31.434645,1995-01-01,1.763111,4.377628,developed
JPN,32.239945,1996-01-01,1.302128,4.860426,developed
JPN,32.822512,1997-01-01,0.208918,4.704336,developed
JPN,33.237971,1998-01-01,-0.671183,4.099535,developed
JPN,34.19882,1999-01-01,0.760847,3.806527,developed
JPN,35.193227,2000-01-01,1.741236,3.599441,developed
JPN,35.701227,2001-01-01,0.147766,3.224461,developed
JPN,36.386733,2002-01-01,0.62847,2.450025,developed
JPN,36.902847,2003-01-01,0.826503,2.103636,developed
JPN,37.754194,2004-01-01,1.697128,1.922424,developed
JPN,38.334189,2005-01-01,0.98368,2.034816,developed
JPN,38.413924,2006-01-01,0.034314,1.921995,developed
JPN,38.720602,2007-01-01,0.525606,1.890022,developed
JPN,38.658625,2008-01-01,-0.83679,1.458016,developed
JPN,38.22912,2009-01-01,-2.559205,0.362667,developed
JPN,39.477893,2010-01-01,3.49139,0.269658,developed
JPN,39.569989,2011-01-01,0.14155,0.16588,developed
JPN,39.939969,2012-01-01,1.061088,0.412799,developed
JPN,40.764646,2013-01-01,1.920158,0.580212,developed
JPN,40.796111,2014-01-01,0.015964,0.799056,developed
JPN,41.409335,2015-01-01,1.246766,0.970314,developed
JPN,41.523468,2016-01-01,0.362838,0.79468,developed
JPN,41.916761,2017-01-01,NA,0.792397,developed
KOR,3.266018,1970-01-01,NA,NA,developed
KOR,3.403579,1971-01-01,NA,NA,developed
KOR,3.412094,1972-01-01,NA,NA,developed
KOR,3.651609,1973-01-01,NA,NA,developed
KOR,3.756641,1974-01-01,NA,NA,developed
KOR,3.928589,1975-01-01,NA,NA,developed
KOR,4.063034,1976-01-01,NA,NA,developed
KOR,4.46856,1977-01-01,NA,NA,developed
KOR,4.676617,1978-01-01,NA,NA,developed
KOR,5.036719,1979-01-01,NA,NA,developed
KOR,4.949065,1980-01-01,NA,NA,developed
KOR,5.147067,1981-01-01,NA,NA,developed
KOR,5.410088,1982-01-01,NA,NA,developed
KOR,6.035723,1983-01-01,NA,NA,developed
KOR,6.71036,1984-01-01,NA,NA,developed
KOR,7.029544,1985-01-01,2.995916,11.826819,developed
KOR,7.473565,1986-01-01,4.606091,12.618089,developed
KOR,8.054738,1987-01-01,5.630552,13.930289,developed
KOR,8.880289,1988-01-01,7.359275,13.980705,developed
KOR,9.474896,1989-01-01,3.71834,14.426963,developed
KOR,10.306247,1990-01-01,5.636073,14.919114,developed
KOR,11.111195,1991-01-01,5.062495,14.678645,developed
KOR,11.668893,1992-01-01,2.44032,12.86764,developed
KOR,12.242296,1993-01-01,2.66625,11.614118,developed
KOR,13.028769,1994-01-01,3.905771,12.890439,developed
KOR,13.840996,1995-01-01,3.761706,13.575825,developed
KOR,14.635998,1996-01-01,3.178986,13.127242,developed
KOR,15.566181,1997-01-01,3.66418,11.222175,developed
KOR,16.259193,1998-01-01,0.461857,6.707142,developed
KOR,17.736639,1999-01-01,7.242132,7.989452,developed
KOR,18.404641,2000-01-01,2.600697,9.918136,developed
KOR,18.963724,2001-01-01,1.410011,8.129215,developed
KOR,20.158319,2002-01-01,4.588594,7.536304,developed
KOR,21.049975,2003-01-01,2.415847,6.313339,developed
KOR,21.940626,2004-01-01,2.896983,5.543047,developed
KOR,22.887976,2005-01-01,2.755074,5.067363,developed
KOR,23.820916,2006-01-01,2.957373,5.138861,developed
KOR,25.247768,2007-01-01,4.33031,5.494508,developed
KOR,26.787827,2008-01-01,3.111929,4.782796,developed
KOR,27.690902,2009-01-01,1.375608,4.053629,developed
KOR,29.255959,2010-01-01,4.40906,4.736146,developed
KOR,30.101213,2011-01-01,1.999069,4.713849,developed
KOR,30.493024,2012-01-01,0.439817,4.4644,developed
KOR,31.096662,2013-01-01,0.781626,4.176083,developed
KOR,31.788825,2014-01-01,1.376292,4.159052,developed
KOR,32.061985,2015-01-01,0.38963,4.170506,developed
KOR,32.917357,2016-01-01,1.274571,4.035632,developed
KOR,34.303267,2017-01-01,NA,4.505989,developed
LUX,36.017958,1970-01-01,NA,NA,developed
LUX,35.896935,1971-01-01,NA,NA,developed
LUX,37.682189,1972-01-01,NA,NA,developed
LUX,40.7137,1973-01-01,NA,NA,developed
LUX,41.831905,1974-01-01,NA,NA,developed
LUX,39.224102,1975-01-01,NA,NA,developed
LUX,39.892057,1976-01-01,NA,NA,developed
LUX,41.131439,1977-01-01,NA,NA,developed
LUX,43.495846,1978-01-01,NA,NA,developed
LUX,44.722512,1979-01-01,NA,NA,developed
LUX,45.216462,1980-01-01,NA,NA,developed
LUX,45.481254,1981-01-01,NA,NA,developed
LUX,46.607867,1982-01-01,NA,NA,developed
LUX,48.31895,1983-01-01,NA,NA,developed
LUX,51.44496,1984-01-01,NA,NA,developed
LUX,51.948244,1985-01-01,NA,NA,developed
LUX,56.099373,1986-01-01,NA,NA,developed
LUX,56.830365,1987-01-01,NA,NA,developed
LUX,59.109634,1988-01-01,NA,NA,developed
LUX,63.163542,1989-01-01,NA,NA,developed
LUX,63.835969,1990-01-01,NA,7.205076,developed
LUX,67.408706,1991-01-01,NA,8.689243,developed
LUX,67.668204,1992-01-01,NA,4.253865,developed
LUX,68.994387,1993-01-01,NA,6.273484,developed
LUX,70.679641,1994-01-01,NA,5.350936,developed
LUX,72.41408,1995-01-01,NA,5.015222,developed
LUX,71.247787,1996-01-01,NA,4.107736,developed
LUX,72.914607,1997-01-01,NA,5.647616,developed
LUX,74.29421,1998-01-01,NA,6.407398,developed
LUX,76.983715,1999-01-01,NA,8.515078,developed
LUX,78.616632,2000-01-01,NA,7.625893,developed
LUX,77.045601,2001-01-01,NA,7.539005,developed
LUX,77.988554,2002-01-01,NA,5.119709,developed
LUX,77.90917,2003-01-01,NA,4.520755,developed
LUX,78.918359,2004-01-01,NA,4.800968,developed
LUX,80.658883,2005-01-01,NA,3.658558,developed
LUX,81.576879,2006-01-01,NA,3.01203,developed
LUX,83.905804,2007-01-01,NA,5.196181,developed
LUX,79.027108,2008-01-01,NA,5.620871,developed
LUX,77.290088,2009-01-01,NA,3.751114,developed
LUX,79.597074,2010-01-01,NA,4.40403,developed
LUX,79.355712,2011-01-01,NA,4.872607,developed
LUX,77.56053,2012-01-01,NA,6.074119,developed
LUX,79.235864,2013-01-01,NA,5.844791,developed
LUX,80.392357,2014-01-01,NA,6.671245,developed
LUX,81.035055,2015-01-01,NA,4.824295,developed
LUX,80.586039,2016-01-01,NA,4.125112,developed
LUX,79.521716,2017-01-01,NA,4.217179,developed
NLD,27.688109,1970-01-01,NA,NA,developed
NLD,29.108555,1971-01-01,NA,NA,developed
NLD,30.042971,1972-01-01,NA,NA,developed
NLD,32.035859,1973-01-01,NA,NA,developed
NLD,34.214644,1974-01-01,NA,NA,developed
NLD,35.366791,1975-01-01,NA,NA,developed
NLD,37.135542,1976-01-01,NA,NA,developed
NLD,38.282457,1977-01-01,NA,NA,developed
NLD,39.352008,1978-01-01,NA,NA,developed
NLD,39.843685,1979-01-01,NA,NA,developed
NLD,40.460965,1980-01-01,NA,NA,developed
NLD,40.324171,1981-01-01,NA,NA,developed
NLD,40.796901,1982-01-01,NA,NA,developed
NLD,42.427184,1983-01-01,NA,NA,developed
NLD,43.600006,1984-01-01,NA,NA,developed
NLD,44.400801,1985-01-01,1.035214,3.533531,developed
NLD,45.007654,1986-01-01,0.718106,3.791921,developed
NLD,45.559646,1987-01-01,0.440301,3.762514,developed
NLD,46.385585,1988-01-01,1.288852,3.652742,developed
NLD,47.331451,1989-01-01,1.569638,4.106369,developed
NLD,48.016505,1990-01-01,1.02736,4.261282,developed
NLD,48.562623,1991-01-01,0.440099,3.886454,developed
NLD,48.504213,1992-01-01,-0.543023,3.365333,developed
NLD,49.248682,1993-01-01,0.727917,2.62516,developed
NLD,50.113764,1994-01-01,1.426935,2.334994,developed
NLD,49.37625,1995-01-01,-0.868554,2.281056,developed
NLD,49.591327,1996-01-01,0.463032,3.011399,developed
NLD,50.672136,1997-01-01,1.75812,3.512672,developed
NLD,51.847685,1998-01-01,1.684656,4.673054,developed
NLD,53.000926,1999-01-01,1.512596,5.491172,developed
NLD,54.736612,2000-01-01,2.282164,4.877783,developed
NLD,55.180005,2001-01-01,0.182538,4.120524,developed
NLD,55.519732,2002-01-01,-0.185563,2.791714,developed
NLD,56.324864,2003-01-01,0.537724,2.406455,developed
NLD,57.321989,2004-01-01,1.233545,2.383441,developed
NLD,58.753765,2005-01-01,1.720851,2.716193,developed
NLD,59.66086,2006-01-01,1.242898,3.265891,developed
NLD,60.15076,2007-01-01,0.633779,5.353158,developed
NLD,60.217048,2008-01-01,-0.352468,3.390036,developed
NLD,58.797208,2009-01-01,-3.224179,2.053594,developed
NLD,60.04691,2010-01-01,1.537092,1.549121,developed
NLD,60.498625,2011-01-01,0.49134,1.835165,developed
NLD,60.392288,2012-01-01,-0.803595,1.452772,developed
NLD,60.814554,2013-01-01,0.154076,1.979661,developed
NLD,61.262626,2014-01-01,0.593036,1.13291,developed
NLD,62.047781,2015-01-01,1.25964,5.237469,developed
NLD,62.201325,2016-01-01,0.235899,1.595675,developed
NLD,62.952268,2017-01-01,NA,1.329215,developed
NZL,21.37278,1970-01-01,NA,NA,developed
NZL,21.966376,1971-01-01,NA,NA,developed
NZL,22.88788,1972-01-01,NA,NA,developed
NZL,23.907797,1973-01-01,NA,NA,developed
NZL,24.315973,1974-01-01,NA,NA,developed
NZL,23.532395,1975-01-01,NA,NA,developed
NZL,23.39756,1976-01-01,NA,NA,developed
NZL,22.183399,1977-01-01,NA,NA,developed
NZL,22.422076,1978-01-01,NA,NA,developed
NZL,22.656861,1979-01-01,NA,NA,developed
NZL,22.989068,1980-01-01,NA,NA,developed
NZL,23.927562000000002,1981-01-01,NA,NA,developed
NZL,24.131673,1982-01-01,NA,NA,developed
NZL,25.259952,1983-01-01,NA,NA,developed
NZL,25.651948,1984-01-01,NA,NA,developed
NZL,25.397537,1985-01-01,NA,5.273691,developed
NZL,26.237631,1986-01-01,NA,4.274232,developed
NZL,24.93737,1987-01-01,-6.380181,4.065719,developed
NZL,26.380504,1988-01-01,2.98478,3.274711,developed
NZL,27.590781,1989-01-01,1.638517,3.349738,developed
NZL,28.565189,1990-01-01,1.337869,2.741545,developed
NZL,28.052827,1991-01-01,-2.164861,1.236994,developed
NZL,29.107951,1992-01-01,2.488919,1.279825,developed
NZL,29.804302,1993-01-01,2.95097,2.065291,developed
NZL,29.895899,1994-01-01,0.749148,3.218566,developed
NZL,30.208103,1995-01-01,0.843899,3.948736,developed
NZL,30.301241,1996-01-01,0.046769,3.744273,developed
NZL,31.309597,1997-01-01,2.001136,3.967314,developed
NZL,30.810368,1998-01-01,-1.97972,3.899955,developed
NZL,31.145258,1999-01-01,0.946021,4.293639,developed
NZL,32.08957,2000-01-01,1.534015,4.444584,developed
NZL,32.650311,2001-01-01,0.971306,4.490343,developed
NZL,33.285647,2002-01-01,1.563402,4.142615,developed
NZL,33.914629,2003-01-01,1.048565,5.42521,developed
NZL,33.790746,2004-01-01,-1.003608,5.84883,developed
NZL,33.750726,2005-01-01,-0.896409,6.298068,developed
NZL,34.237254,2006-01-01,0.340618,5.481092,developed
NZL,35.571104,2007-01-01,2.413567,5.618494,developed
NZL,34.449285,2008-01-01,-3.926363,4.482705,developed
NZL,36.239578,2009-01-01,3.469479,3.152342,developed
NZL,35.89072,2010-01-01,-1.315949,3.595183,developed
NZL,36.598967,2011-01-01,1.215892,3.763046,developed
NZL,37.920843,2012-01-01,2.375576,3.582264,developed
NZL,37.241548,2013-01-01,-1.749844,4.02607,developed
NZL,37.118825,2014-01-01,-0.364258,4.212996,developed
NZL,38.163566,2015-01-01,2.200455,4.053606,developed
NZL,37.870157,2016-01-01,0.053409,3.403129,developed
NZL,37.121101,2017-01-01,NA,4.063063,developed
NOR,27.421063,1970-01-01,NA,NA,developed
NOR,29.082721,1971-01-01,NA,NA,developed
NOR,30.838525,1972-01-01,NA,NA,developed
NOR,32.268898,1973-01-01,NA,NA,developed
NOR,33.501067,1974-01-01,NA,NA,developed
NOR,34.925729,1975-01-01,NA,NA,developed
NOR,36.911147,1976-01-01,NA,NA,developed
NOR,38.230609,1977-01-01,NA,NA,developed
NOR,39.921288,1978-01-01,NA,NA,developed
NOR,41.652994,1979-01-01,NA,NA,developed
NOR,42.535811,1980-01-01,NA,NA,developed
NOR,42.936746,1981-01-01,NA,NA,developed
NOR,43.331422,1982-01-01,NA,NA,developed
NOR,45.303092,1983-01-01,NA,NA,developed
NOR,47.841853,1984-01-01,NA,NA,developed
NOR,49.327261,1985-01-01,NA,NA,developed
NOR,49.83274,1986-01-01,NA,NA,developed
NOR,50.597215,1987-01-01,NA,NA,developed
NOR,50.655162,1988-01-01,NA,NA,developed
NOR,52.779497,1989-01-01,NA,NA,developed
NOR,54.564515,1990-01-01,NA,0.788827,developed
NOR,56.909822,1991-01-01,NA,0.668338,developed
NOR,58.675384,1992-01-01,NA,0.268418,developed
NOR,60.05166,1993-01-01,NA,0.49656,developed
NOR,62.3204,1994-01-01,NA,0.969215,developed
NOR,64.31234,1995-01-01,NA,1.326764,developed
NOR,66.450394,1996-01-01,NA,2.430403,developed
NOR,68.196508,1997-01-01,NA,4.090583,developed
NOR,68.263622,1998-01-01,NA,5.328736,developed
NOR,69.044182,1999-01-01,NA,4.933629,developed
NOR,71.721187,2000-01-01,NA,4.443002,developed
NOR,74.27187,2001-01-01,NA,4.313016,developed
NOR,75.817669,2002-01-01,NA,4.005212,developed
NOR,78.095864,2003-01-01,NA,3.662774,developed
NOR,79.568371,2004-01-01,NA,4.397959,developed
NOR,80.393458,2005-01-01,NA,4.444859,developed
NOR,79.756129,2006-01-01,NA,5.203133,developed
NOR,78.364379,2007-01-01,NA,5.976095,developed
NOR,76.043208,2008-01-01,NA,6.836636,developed
NOR,76.256112,2009-01-01,NA,4.913742,developed
NOR,76.679674,2010-01-01,NA,3.814392,developed
NOR,76.086843,2011-01-01,NA,3.293988,developed
NOR,76.669508,2012-01-01,NA,2.844123,developed
NOR,77.208444,2013-01-01,NA,3.276661,developed
NOR,77.663435,2014-01-01,NA,2.654176,developed
NOR,78.74922,2015-01-01,NA,1.862788,developed
NOR,79.34035,2016-01-01,NA,2.207778,developed
NOR,80.686312,2017-01-01,NA,2.454704,developed
POL,12.143041,1993-01-01,NA,NA,developed
POL,12.905169,1994-01-01,NA,NA,developed
POL,13.697128,1995-01-01,NA,NA,developed
POL,14.353724,1996-01-01,NA,NA,developed
POL,15.067606,1997-01-01,NA,NA,developed
POL,15.581471,1998-01-01,NA,NA,developed
POL,16.988231,1999-01-01,NA,NA,developed
POL,18.03312,2000-01-01,NA,NA,developed
POL,18.654183,2001-01-01,NA,NA,developed
POL,19.6768,2002-01-01,NA,NA,developed
POL,20.561331,2003-01-01,NA,NA,developed
POL,21.37134,2004-01-01,NA,NA,developed
POL,21.708254,2005-01-01,NA,NA,developed
POL,22.323087,2006-01-01,NA,NA,developed
POL,22.898206,2007-01-01,NA,NA,developed
POL,23.086351,2008-01-01,NA,NA,developed
POL,23.830612,2009-01-01,NA,NA,developed
POL,25.427763,2010-01-01,NA,NA,developed
POL,26.620818,2011-01-01,NA,NA,developed
POL,27.087016,2012-01-01,NA,NA,developed
POL,27.532991,2013-01-01,NA,NA,developed
POL,27.873512,2014-01-01,NA,NA,developed
POL,28.403442,2015-01-01,NA,NA,developed
POL,29.088844,2016-01-01,NA,NA,developed
POL,30.398056,2017-01-01,NA,NA,developed
PRT,13.179139,1970-01-01,NA,NA,developed
PRT,13.897399,1971-01-01,NA,NA,developed
PRT,15.180505,1972-01-01,NA,NA,developed
PRT,17.115903,1973-01-01,NA,NA,developed
PRT,16.271392,1974-01-01,NA,NA,developed
PRT,14.95713,1975-01-01,NA,NA,developed
PRT,15.861053,1976-01-01,NA,NA,developed
PRT,16.753595,1977-01-01,NA,NA,developed
PRT,17.370259,1978-01-01,NA,NA,developed
PRT,18.233216,1979-01-01,NA,NA,developed
PRT,18.759946,1980-01-01,NA,NA,developed
PRT,19.087861,1981-01-01,NA,NA,developed
PRT,19.62349,1982-01-01,NA,NA,developed
PRT,18.830748,1983-01-01,NA,NA,developed
PRT,18.636598,1984-01-01,NA,NA,developed
PRT,19.357062,1985-01-01,3.208152,1.66658,developed
PRT,20.247392,1986-01-01,3.983007,1.531266,developed
PRT,20.81609,1987-01-01,3.152046,2.439636,developed
PRT,21.81376,1988-01-01,4.67413,2.721797,developed
PRT,22.464936,1989-01-01,3.130501,2.808979,developed
PRT,22.996385,1990-01-01,1.612389,3.91315,developed
PRT,24.197327,1991-01-01,3.467921,4.637732,developed
PRT,25.066356,1992-01-01,1.473118,4.99488,developed
PRT,25.035534,1993-01-01,-1.627527,4.061204,developed
PRT,25.196721,1994-01-01,-0.352991,4.803408,developed
PRT,25.613481,1995-01-01,1.20987,4.793916,developed
PRT,26.058184,1996-01-01,0.99621,5.278703,developed
PRT,26.583924,1997-01-01,1.158273,6.323432,developed
PRT,26.874513,1998-01-01,0.187564,7.859404,developed
PRT,27.468717,1999-01-01,0.781575,8.039722,developed
PRT,27.753419,2000-01-01,-0.145519,7.952398,developed
PRT,28.045475,2001-01-01,-0.405235,7.161562,developed
PRT,28.254203,2002-01-01,-0.68394,6.07852,developed
PRT,28.36743,2003-01-01,-1.151333,5.080385,developed
PRT,28.991838,2004-01-01,0.915007,4.812969,developed
PRT,29.317064,2005-01-01,-0.076814,4.547805,developed
PRT,29.84225,2006-01-01,0.640846,4.437643,developed
PRT,30.307922,2007-01-01,0.613601,4.787829,developed
PRT,30.467378,2008-01-01,-0.795001,4.931023,developed
PRT,30.384854,2009-01-01,-1.996491,3.72544,developed
PRT,31.364733,2010-01-01,1.862175,3.520953,developed
PRT,31.791449,2011-01-01,-0.20649,2.168063,developed
PRT,32.112929,2012-01-01,-0.814402,0.853276,developed
PRT,32.509308,2013-01-01,0.325954,0.564171,developed
PRT,32.208613,2014-01-01,-0.544016,0.738206,developed
PRT,32.206786,2015-01-01,0.315573,0.937254,developed
PRT,32.244282,2016-01-01,NA,0.991654,developed
PRT,32.055691,2017-01-01,NA,1.761274,developed
ESP,17.662403,1970-01-01,NA,NA,developed
ESP,18.386381,1971-01-01,NA,NA,developed
ESP,19.865432,1972-01-01,NA,NA,developed
ESP,21.120497,1973-01-01,NA,NA,developed
ESP,22.08326,1974-01-01,NA,NA,developed
ESP,22.459258,1975-01-01,NA,NA,developed
ESP,23.33384,1976-01-01,NA,NA,developed
ESP,24.238793,1977-01-01,NA,NA,developed
ESP,25.373859,1978-01-01,NA,NA,developed
ESP,26.405089,1979-01-01,NA,NA,developed
ESP,28.005298,1980-01-01,NA,NA,developed
ESP,29.173088,1981-01-01,NA,NA,developed
ESP,30.130419,1982-01-01,NA,NA,developed
ESP,31.310819,1983-01-01,NA,NA,developed
ESP,33.402587,1984-01-01,NA,NA,developed
ESP,34.726723,1985-01-01,2.822049,2.684605,developed
ESP,35.203306,1986-01-01,1.011903,3.338467,developed
ESP,35.61877,1987-01-01,1.178203,4.372269,developed
ESP,36.249923,1988-01-01,1.287253,5.218112,developed
ESP,36.923445,1989-01-01,1.053171,6.21355,developed
ESP,36.874786,1990-01-01,-0.631897,6.056326,developed
ESP,37.173429,1991-01-01,-0.11764,5.735286,developed
ESP,38.22305,1992-01-01,1.239172,4.991418,developed
ESP,39.112999,1993-01-01,0.802107,3.329221,developed
ESP,40.258557,1994-01-01,1.990948,3.403423,developed
ESP,40.595267,1995-01-01,0.356765,4.02879,developed
ESP,41.053952,1996-01-01,0.531945,4.173294,developed
ESP,40.980277,1997-01-01,-0.333596,4.637118,developed
ESP,40.751693,1998-01-01,-0.669148,5.453395,developed
ESP,40.607987,1999-01-01,-0.613024,6.132929,developed
ESP,40.808506,2000-01-01,0.250794,6.00461,developed
ESP,40.844097,2001-01-01,-0.301298,5.722403,developed
ESP,40.915105,2002-01-01,-0.411448,5.360641,developed
ESP,41.060252,2003-01-01,-0.252803,5.518,developed
ESP,41.161848,2004-01-01,-0.344789,5.492257,developed
ESP,41.31525,2005-01-01,-0.161448,5.613896,developed
ESP,41.555965,2006-01-01,0.012412,5.885897,developed
ESP,42.051507,2007-01-01,0.290792,6.033147,developed
ESP,42.218693,2008-01-01,-0.844348,5.318674,developed
ESP,43.253894,2009-01-01,-0.18615,3.230388,developed
ESP,44.263797,2010-01-01,0.693084,3.154697,developed
ESP,44.895761,2011-01-01,-0.144797,2.522746,developed
ESP,45.792677,2012-01-01,-0.251629,1.929597,developed
ESP,46.432085,2013-01-01,-0.182027,1.544123,developed
ESP,46.581341,2014-01-01,0.111472,1.499124,developed
ESP,46.811522,2015-01-01,0.810861,1.807819,developed
ESP,47.035747,2016-01-01,0.649545,1.817574,developed
ESP,47.549614,2017-01-01,NA,1.854589,developed
SWE,24.894634,1970-01-01,NA,NA,developed
SWE,25.653222,1971-01-01,NA,NA,developed
SWE,26.785614,1972-01-01,NA,NA,developed
SWE,28.014704,1973-01-01,NA,NA,developed
SWE,28.680225,1974-01-01,NA,NA,developed
SWE,29.276399,1975-01-01,NA,NA,developed
SWE,29.265287,1976-01-01,NA,NA,developed
SWE,29.344193,1977-01-01,NA,NA,developed
SWE,30.456559,1978-01-01,NA,NA,developed
SWE,31.445853,1979-01-01,NA,NA,developed
SWE,31.540086,1980-01-01,NA,NA,developed
SWE,31.809045,1981-01-01,NA,NA,developed
SWE,31.967349,1982-01-01,NA,NA,developed
SWE,32.303549,1983-01-01,NA,NA,developed
SWE,33.344349,1984-01-01,NA,NA,developed
SWE,33.62869,1985-01-01,-0.245998,4.660145,developed
SWE,34.366212,1986-01-01,0.91891,4.359082,developed
SWE,35.006757,1987-01-01,0.798524,4.83324,developed
SWE,34.973424,1988-01-01,-0.834675,5.106289,developed
SWE,35.411904,1989-01-01,-0.141699,5.670832,developed
SWE,35.436154,1990-01-01,-1.26953,4.602915,developed
SWE,35.867752,1991-01-01,-0.716401,3.112474,developed
SWE,36.686003,1992-01-01,0.300489,1.915369,developed
SWE,37.503892,1993-01-01,0.047931,1.556138,developed
SWE,38.490418,1994-01-01,2.192173,2.627447,developed
SWE,39.276654,1995-01-01,1.524515,3.468842,developed
SWE,39.885824,1996-01-01,0.390245,3.596267,developed
SWE,41.458844,1997-01-01,2.429424,3.836255,developed
SWE,42.542546,1998-01-01,1.632561,5.035059,developed
SWE,43.315337,1999-01-01,0.981734,5.528697,developed
SWE,44.898316,2000-01-01,2.122168,6.122035,developed
SWE,45.323849,2001-01-01,-0.290888,4.828659,developed
SWE,46.918876,2002-01-01,2.101818,3.354682,developed
SWE,48.710772,2003-01-01,2.597498,3.730733,developed
SWE,50.407002,2004-01-01,2.86386,3.614675,developed
SWE,51.704142,2005-01-01,1.611336,3.903955,developed
SWE,53.429468,2006-01-01,2.528053,4.004934,developed
SWE,53.59032,2007-01-01,0.005506,4.080557,developed
SWE,52.640129,2008-01-01,-2.507899,3.793244,developed
SWE,51.387025,2009-01-01,-3.814799,1.604321,developed
SWE,53.093387,2010-01-01,3.433041,1.964831,developed
SWE,53.459167,2011-01-01,0.503948,2.613942,developed
SWE,53.372607,2012-01-01,-0.841283,2.274706,developed
SWE,53.841299,2013-01-01,0.385834,2.137334,developed
SWE,54.453394,2014-01-01,0.984365,2.318135,developed
SWE,56.029325,2015-01-01,2.62488,3.424493,developed
SWE,56.060896,2016-01-01,NA,3.152165,developed
SWE,56.402331,2017-01-01,NA,3.947012,developed
CHE,34.246521,1970-01-01,NA,NA,developed
CHE,35.195426,1971-01-01,NA,NA,developed
CHE,36.255422,1972-01-01,NA,NA,developed
CHE,37.50548,1973-01-01,NA,NA,developed
CHE,38.657558,1974-01-01,NA,NA,developed
CHE,37.815757,1975-01-01,NA,NA,developed
CHE,38.46633,1976-01-01,NA,NA,developed
CHE,39.791644,1977-01-01,NA,NA,developed
CHE,39.868798,1978-01-01,NA,NA,developed
CHE,40.708502,1979-01-01,NA,NA,developed
CHE,41.955708,1980-01-01,NA,NA,developed
CHE,42.09711,1981-01-01,NA,NA,developed
CHE,41.594757,1982-01-01,NA,NA,developed
CHE,42.20818,1983-01-01,NA,NA,developed
CHE,43.52604,1984-01-01,NA,NA,developed
CHE,44.394775,1985-01-01,NA,3.647083,developed
CHE,44.432409,1986-01-01,NA,4.32163,developed
CHE,44.083917,1987-01-01,NA,4.478475,developed
CHE,44.387138,1988-01-01,NA,5.124867,developed
CHE,45.492844,1989-01-01,NA,5.120481,developed
CHE,45.97204,1990-01-01,NA,5.311099,developed
CHE,44.797857,1991-01-01,NA,4.613352,developed
CHE,45.19432,1992-01-01,-0.569878,3.553701,developed
CHE,45.608166,1993-01-01,-0.376923,2.988916,developed
CHE,45.927586,1994-01-01,-0.038842,3.067574,developed
CHE,46.746926,1995-01-01,0.333293,3.310192,developed
CHE,47.780589,1996-01-01,0.73603,3.218254,developed
CHE,49.243412,1997-01-01,1.784121,3.755383,developed
CHE,49.812869,1998-01-01,0.439297,4.907219,developed
CHE,49.608255,1999-01-01,-1.064482,5.30252,developed
CHE,51.201267,2000-01-01,2.150392,5.038949,developed
CHE,52.241261,2001-01-01,0.76635,4.433474,developed
CHE,52.634295,2002-01-01,-0.335393,4.063016,developed
CHE,52.421969,2003-01-01,-0.935157,3.042268,developed
CHE,52.764768,2004-01-01,0.551912,3.24649,developed
CHE,54.172649,2005-01-01,2.111752,3.179087,developed
CHE,55.484955,2006-01-01,2.06089,3.878661,developed
CHE,56.662382,2007-01-01,1.722122,4.647417,developed
CHE,56.850705,2008-01-01,-0.021702,4.336561,developed
CHE,55.619017,2009-01-01,-2.714711,2.921472,developed
CHE,57.06682,2010-01-01,2.141497,2.835896,developed
CHE,56.766342,2011-01-01,-0.41863,2.413352,developed
CHE,56.917423,2012-01-01,-0.151619,2.822867,developed
CHE,57.98417,2013-01-01,1.362515,2.509685,developed
CHE,58.591082,2014-01-01,0.916717,2.356725,developed
CHE,57.967389,2015-01-01,-0.927409,2.35697,developed
CHE,58.060794,2016-01-01,0.017156,2.259879,developed
CHE,59.234481,2017-01-01,1.295445,2.48414,developed
GBR,19.020426,1970-01-01,NA,NA,UK
GBR,20.25708,1971-01-01,NA,NA,UK
GBR,21.450474,1972-01-01,NA,NA,UK
GBR,21.837886,1973-01-01,NA,NA,UK
GBR,21.68551,1974-01-01,NA,NA,UK
GBR,21.50416,1975-01-01,NA,NA,UK
GBR,22.464879,1976-01-01,NA,NA,UK
GBR,23.229673,1977-01-01,NA,NA,UK
GBR,24.343305,1978-01-01,NA,NA,UK
GBR,25.108307,1979-01-01,NA,NA,UK
GBR,25.349221,1980-01-01,NA,NA,UK
GBR,26.870068,1981-01-01,NA,NA,UK
GBR,27.674162,1982-01-01,NA,NA,UK
GBR,29.135225,1983-01-01,NA,NA,UK
GBR,28.872842,1984-01-01,NA,NA,UK
GBR,29.213757,1985-01-01,1.140311,3.517902,UK
GBR,29.975677,1986-01-01,1.977035,3.310969,UK
GBR,31.059029,1987-01-01,3.035924,4.191354,UK
GBR,31.001814,1988-01-01,0.00806,5.372893,UK
GBR,31.127556,1989-01-01,-0.398926,5.608276,UK
GBR,31.476221,1990-01-01,-0.405878,5.021662,UK
GBR,32.116444,1991-01-01,-0.13549,4.104053,UK
GBR,33.639801,1992-01-01,2.100263,3.922828,UK
GBR,34.87262,1993-01-01,2.2056,3.614023,UK
GBR,35.734935,1994-01-01,1.615773,4.990365,UK
GBR,36.636162,1995-01-01,1.751704,5.290094,UK
GBR,37.166935,1996-01-01,0.846146,4.291421,UK
GBR,38.591671,1997-01-01,3.058608,1.225571,UK
GBR,39.125788,1998-01-01,0.990971,1.94473,UK
GBR,40.020187,1999-01-01,1.693112,2.109864,UK
GBR,41.241165,2000-01-01,2.236454,3.48845,UK
GBR,42.072937,2001-01-01,1.527468,3.268878,UK
GBR,43.208741,2002-01-01,2.055095,2.839763,UK
GBR,44.527897,2003-01-01,2.590438,2.490251,UK
GBR,45.477831,2004-01-01,1.65733,2.299145,UK
GBR,45.901734,2005-01-01,0.821988,2.745661,UK
GBR,46.764551,2006-01-01,1.401168,2.825049,UK
GBR,47.505685,2007-01-01,1.067025,3.202241,UK
GBR,47.561127,2008-01-01,-0.632874,2.892098,UK
GBR,46.43969,2009-01-01,-3.260832,2.039088,UK
GBR,47.443325,2010-01-01,1.510184,2.5751,UK
GBR,47.593333,2011-01-01,0.112612,2.509274,UK
GBR,47.34289,2012-01-01,-0.601007,2.504872,UK
GBR,47.462034,2013-01-01,0.138269,2.457221,UK
GBR,47.540698,2014-01-01,0.196492,2.725995,UK
GBR,48.336163,2015-01-01,1.327898,2.837491,UK
GBR,48.070146,2016-01-01,-0.518864,2.862876,UK
GBR,48.479455,2017-01-01,0.515485,2.866098,UK
ISR,22.981283,1981-01-01,NA,NA,developed
ISR,23.379051,1982-01-01,NA,NA,developed
ISR,23.506382,1983-01-01,NA,NA,developed
ISR,23.315435,1984-01-01,NA,NA,developed
ISR,24.111993,1985-01-01,NA,3.868784,developed
ISR,24.767215,1986-01-01,NA,3.639175,developed
ISR,25.793957,1987-01-01,NA,4.075867,developed
ISR,26.277761,1988-01-01,NA,3.85998,developed
ISR,25.942958,1989-01-01,NA,3.410209,developed
ISR,27.287062,1990-01-01,NA,5.436167,developed
ISR,27.966801,1991-01-01,NA,7.690825,developed
ISR,27.80721,1992-01-01,NA,7.428581,developed
ISR,27.623666,1993-01-01,NA,8.019935,developed
ISR,27.247673,1994-01-01,NA,9.012666,developed
ISR,26.971222,1995-01-01,NA,8.33617,developed
ISR,26.982578,1996-01-01,NA,9.10154,developed
ISR,27.316443,1997-01-01,NA,7.811457,developed
ISR,28.083056,1998-01-01,NA,7.329547,developed
ISR,28.04456,1999-01-01,NA,7.854358,developed
ISR,29.18879,2000-01-01,NA,8.009554,developed
ISR,29.46816,2001-01-01,NA,6.403156,developed
ISR,28.93904,2002-01-01,NA,4.200789,developed
ISR,29.194464,2003-01-01,NA,2.344996,developed
ISR,30.551348,2004-01-01,NA,2.930953,developed
ISR,30.910675,2005-01-01,NA,3.872359,developed
ISR,32.046424,2006-01-01,NA,4.205805,developed
ISR,32.378626,2007-01-01,NA,5.448208,developed
ISR,32.333225,2008-01-01,NA,5.02695,developed
ISR,32.10752,2009-01-01,NA,3.768333,developed
ISR,32.997738,2010-01-01,NA,3.597177,developed
ISR,33.870288,2011-01-01,NA,4.640911,developed
ISR,33.773003,2012-01-01,NA,5.1133,developed
ISR,34.487466,2013-01-01,NA,4.353353,developed
ISR,35.123171,2014-01-01,NA,3.497497,developed
ISR,35.205193,2015-01-01,NA,2.601533,developed
ISR,35.311187,2016-01-01,NA,3.879011,developed
ISR,35.654798,2017-01-01,NA,4.544473,developed
